k,inertia,silhouette,calinski_harabasz,davies_bouldin
2,2125.9868570392687,0.21976088388376097,76.99368469771052,1.6910808120205467
3,1697.727384230517,0.24697709314362595,82.0843230917446,1.3344824042062697
4,1445.3474781339783,0.2605599402179396,79.69745075375955,1.2125860744758525
5,1248.5311087815355,0.26455649381490354,79.5001542320441,1.1953809739023815
6,1121.2470607961227,0.2531183795339925,76.61773212809129,1.2409564415951149
7,1020.2817654991738,0.24289718898965998,74.29076061074102,1.2442087178698873
8,943.4997440090733,0.2432538060341168,71.68183757845345,1.1847320950536668
9,874.3859118974999,0.21964159851383738,70.03230961772495,1.2545441892228728
10,813.2604698397652,0.2195301371576308,68.87263130285426,1.245158352919782
