station_id,name,latitude,longitude,elevation_m,abs_latitude,observation_days,temp_mean_c,temp_seasonality_c,diurnal_range_c,dewpoint_depression_c,precip_total_mm,precip_log_mm,wet_day_fraction,snow_day_fraction,wind_mean_ms,fog_day_fraction,thunder_day_fraction,cluster,cluster_label
72529014768,"FREDERICK DOUGLASS GREATER ROCHESTER INTERNATIONAL AIRPORT, NY US",43.11723,-77.67539,164.5,43.11723,365,10.576864535768646,22.30715565796211,11.714916286149165,5.482191780821918,1018.5330027548209,6.927099961000932,0.3415977961432507,0.2191780821917808,3.6829962093150685,0.07397260273972603,0.07671232876712329,0,Maritime temperate
71183099999,"MONTREAL PIERRE ELLIOTT TRUDEAU INTERNATIONAL QU, CA",45.4666666,-73.7333333,32.0,45.4666666,364,9.103021978021978,28.85407066052227,9.567155067155069,5.61584249084249,1111.7559065934067,7.014595015986488,0.38461538461538464,0.0,3.597150738461538,0.0,0.0,0,Maritime temperate
78961300410,"ARTHUR NAPOLEON RAYMOND ROBINSON INTERNATIONAL AIRPORT, TD",11.15,-60.833,12.2,11.15,365,27.63074581430746,3.978558627752175,6.64261796042618,4.189193302891932,1272.9796153846153,7.149900835521066,0.34065934065934067,0.0,3.68708357260274,0.0,0.07945205479452055,0,Maritime temperate
70273026451,"ANCHORAGE TED STEVENS INTERNATIONAL AIRPORT, AK US",61.16916,-150.02771,38.0,61.16916,365,3.035007610350076,22.711469534050178,8.14779299847793,3.9964992389649923,648.2059065934067,6.475749933863691,0.33791208791208793,0.2602739726027397,2.8466371145205476,0.1589041095890411,0.0,2,Subarctic continental
91165022536,"LIHUE WEATHER SERVICE OFFICE AIRPORT 1020.1, HI US",21.98048,-159.33863,31.9,21.98048,365,24.81963470319635,5.098566308243729,6.740791476407915,4.627549467275494,1099.566,7.0035798719078874,0.3917808219178082,0.0,5.724986530410958,0.01643835616438356,0.01643835616438356,0,Maritime temperate
74780863803,"LAWRENCEVILLE GWINNET CO BRISCOE FIELD AIRPORT, GA US",33.97972,-83.96333,323.4,33.97972,360,16.900308641975307,18.120071684587813,13.328240740740739,5.925308641975308,495.50090395480225,6.207585304137754,0.1694915254237288,0.002777777777777778,2.1633799211111113,0.04722222222222222,0.14444444444444443,0,Maritime temperate
89056099999,"CENTRO MET. ANTARTICO PDTE. EDUARDO FREI, AY",-62.1833333,-58.9833333,48.0,62.1833333,365,-2.081735159817352,7.636081242532855,3.070319634703196,1.6452054794520548,539.1952472527473,6.291930643194575,0.29120879120879123,0.4547945205479452,12.828964867945206,0.6410958904109589,0.0,3,Polar / tundra
70261526498,"FAIRBANKS WAINWRIGHT ARMY AIR FIELD AIRPORT, AK US",64.8375,-147.61444,138.4,64.8375,362,-1.439073050951504,40.37455197132616,11.967771639042356,4.860497237569061,361.0135944700461,5.891681764905303,0.271889400921659,0.30386740331491713,1.6094138950276244,0.04419889502762431,0.022099447513812154,2,Subarctic continental
91765061705,"PAGO PAGO WEATHER SERVICE OFFICE AIRPORT, AS AQ",-14.33056,-170.71361,3.7,14.33056,365,27.725418569254188,2.003703703703703,5.8392694063926935,2.240639269406393,3525.804958448753,8.168147629146087,0.6094182825484764,0.0,4.6285865643835615,0.0,0.07671232876712329,4,Tropical humid
82899099999,"GUARARAPES GILBERTO FREYRE INTERNATIONAL, BR",-8.126486,-34.923592,10.05,8.126486,365,26.974733637747335,2.280884109916368,4.887214611872147,4.7333333333333325,1408.2241483516482,7.250794582533464,0.40934065934065933,0.0,3.8704511463013698,0.0,0.030136986301369864,0,Maritime temperate
91413040308,"YAP ISLAND WEATHER SERVICE OFFICE AIRPORT, FM FM",9.48333,138.08333,13.4,9.48333,365,27.84809741248097,0.78494623655914,5.11993911719939,2.3751902587519025,3251.545722222222,8.087193267850413,0.6638888888888889,0.0027397260273972603,2.776447220821918,0.0,0.06301369863013699,4,Tropical humid
78016013601,"L F WADE INTERNATIONAL AIRPORT KINDLEY FIELD, BD",32.36667,-64.68333,5.5,32.36667,365,22.4896499238965,9.921146953405017,5.335159817351599,3.8929984779299844,2187.1764564564564,7.690823807665027,0.45045045045045046,0.0,6.0889028065753426,0.0,0.08767123287671233,4,Tropical humid
74781263813,"MARIETTA COBB CO MCCOLLUM FIELD AIRPORT, GA US",34.01306,-84.59861,317.0,34.01306,365,17.255555555555553,18.272401433691755,13.080365296803654,6.492846270928464,1174.2412983425413,7.069228765786246,0.2955801104972376,0.0,2.3654557950684936,0.024657534246575342,0.12876712328767123,0,Maritime temperate
65578099999,"ABIDJAN FELIX HOUPHOUET BOIGNY INTERNATIONAL, IV",5.261386,-3.926294,6.4,5.261386,365,27.44916286149163,3.0071684587813614,5.5587519025875185,2.0071537290715376,3947.087587719298,8.280986585646517,0.5657894736842105,0.0,3.2022377205479455,0.010958904109589041,0.38082191780821917,4,Tropical humid
74466799999,"RAY S MILLER ARMY AIR FIELD CAMP RIPLEY MINNESOTA USA, MN US",46.091203,-94.360539,350.52,46.091203,342,7.882066276803118,30.34232804232804,11.723521767381417,5.303768680961664,947.5571361502347,6.8549420259901535,0.3427230046948357,0.23391812865497075,3.212266555555556,0.06432748538011696,0.06725146198830409,2,Subarctic continental
95765099999,"SYDNEY OLYMPIC PARK AWS ARCHERY CENTRE, AS",-33.8333333,151.0666666,4.0,33.8333333,365,17.937290715372907,10.948745519713263,12.431811263318114,5.840182648401826,700.024,6.552542123253089,0.2136986301369863,0.0,2.1787055758904113,0.0,0.0,0,Maritime temperate
78526011641,"SAN JUAN L M MARIN INTERNATIONAL AIRPORT, PR US",18.43261,-66.01065,3.0,18.43261,365,27.507458143074583,3.9956989247311796,7.011872146118722,4.714459665144597,1453.6419999999998,7.282515101220825,0.4575342465753425,0.0,3.7560049742465758,0.00821917808219178,0.10410958904109589,4,Tropical humid
40848099999,"SHIRAZ SHAHID DASTGHAIB INTERNATIONAL, IR",29.539333,52.589474,1499.61,29.539333,365,19.830745814307456,26.16487455197133,17.059208523592087,17.547488584474888,208.78799999999998,5.346097496995576,0.06027397260273973,0.0,1.638468904109589,0.01643835616438356,0.03561643835616438,1,Arid / semi-arid
40800099999,"ESFAHAN SHAHID BEHESHTI INTERNATIONAL, IR",32.750721,51.861694,1545.94,32.750721,365,16.736986301369864,30.114695340501793,19.637747336377473,18.589802130898022,168.148,5.130774071331808,0.057534246575342465,0.010958904109589041,2.8408584284931506,0.06575342465753424,0.030136986301369864,1,Arid / semi-arid
89055099999,"BASE MARAMBIO CENTRO MET. ANTARTICO, AY",-64.2333333,-56.7166666,208.0,64.2333333,365,-6.686149162861492,17.596654719235364,7.6805175038051745,1.9133942161339423,323.59599999999995,5.782581332145661,0.20273972602739726,0.3835616438356164,9.421372378082191,0.5178082191780822,0.0,3,Polar / tundra
85934099999,"CARLOS IBANEZ DEL CAMPO INTERNATIONAL, CI",-53.002642,-70.854586,42.36,53.002642,365,6.1729071537290725,11.64336917562724,6.949467275494673,5.110654490106544,69.596,4.256973485670319,0.06301369863013699,0.057534246575342465,9.97429397041096,0.010958904109589041,0.0,3,Polar / tundra
71628099999,"OTTAWA MACDONALD CARTIER INTERNATIONAL, CA",45.3225,-75.669167,113.99,45.3225,365,7.9280060882800605,28.730670762928828,11.233211233211232,4.753729071537291,919.48,6.824895273114984,0.3287671232876712,0.26575342465753427,3.8976532536986306,0.06027397260273973,0.07123287671232877,2,Subarctic continental
71714099999,"QUEBEC JEAN LESAGE INTERNATIONAL QUE, CA",46.7833333,-71.3833333,74.0,46.7833333,365,6.314611872146119,31.162954429083463,10.982191780821918,4.395738203957381,1264.92,7.143554409554238,0.37534246575342467,0.0,2.476519321643836,0.0,0.0,0,Maritime temperate
54511099999,"BEIJING CAPITAL INTERNATIONAL AIRPORT, CH",40.080111,116.584556,35.35,40.080111,365,13.71019786910198,32.51433691756272,14.81765601217656,10.871080669710807,640.6365168539326,6.46402197022872,0.1151685393258427,0.030136986301369864,2.7505136054794517,0.021917808219178082,0.052054794520547946,1,Arid / semi-arid
61990099999,"SIR SEEWOOSAGUR RAMGOOLAM INTERNATIONAL, MP",-20.430235,57.6836,56.69,20.430235,365,24.874885844748857,4.1746031746031775,6.609436834094368,4.00806697108067,2334.677387640449,7.756057229804826,0.4438202247191011,0.0,3.6353572854794516,0.0,0.08767123287671233,4,Tropical humid
63894099999,"MWALIMU JULIUS K NYERERE INTERNATIONAL, TZ",-6.878111,39.202625,55.47,6.878111,365,26.708523592085236,3.8888888888888893,8.261796042617961,4.415981735159818,2528.75963800905,7.835879572468824,0.42081447963800905,0.00821917808219178,3.81421466520548,0.2136986301369863,0.14520547945205478,4,Tropical humid
85574099999,"ARTURO MERINO BENITEZ INTERNATIONAL, CI",-33.392975,-70.785803,473.96,33.392975,365,15.867123287671232,12.64746543778802,15.100913242009135,8.627397260273973,65.28873239436619,4.19401993394596,0.028169014084507043,0.0,4.432956900821917,0.06027397260273973,0.0,1,Arid / semi-arid
74782053860,"JACKSONVILLE CRAIG MUNICIPAL AIRPORT, FL US",30.33708,-81.51277,11.9,30.33708,365,22.122831050228314,14.120071684587817,12.228006088280061,4.905175038051751,1493.118947368421,7.309291979235984,0.29916897506925205,0.0,3.185747323835616,0.1232876712328767,0.17534246575342466,0,Maritime temperate
74783012849,"FORT LAUDERDALE INTERNATIONAL AIRPORT, FL US",26.07875,-80.16223,1.0,26.07875,365,25.614003044140027,7.9103942652329735,8.32997557997558,5.0188736681887365,2417.3557851239666,7.790843160600453,0.3333333333333333,0.0,3.8755251145205483,0.03287671232876712,0.3150684931506849,4,Tropical humid
80259099999,"ALFONSO BONILLA ARAGON INTERNATIONAL, CO",3.543222,-76.381583,963.77,3.543222,365,24.0820395738204,2.249581839904419,11.121461187214614,4.974885844748859,244.26333333333332,5.5023324632605775,0.1050228310502283,0.0,2.4195781227397264,0.2547945205479452,0.13424657534246576,0,Maritime temperate
91186022534,"MOLOKAI KAUNAKAKAI MOLOKAI AIRPORT, HI US",21.15448,-157.09612,134.2,21.15448,365,24.04870624048706,4.050179211469533,9.255707762557076,5.136986301369864,576.6358241758242,6.358943608120373,0.17857142857142858,0.0,4.452548055890411,0.0027397260273972603,0.0,0,Maritime temperate
99999913752,"ANNAPOLIS UNITED STATES NAVAL ACADEMY ASOS, MD US",38.9913,-76.4891,1.8,38.9913,360,15.111882716049381,20.008384536610343,7.425154320987654,5.858333333333333,957.5692977528088,6.865441857997312,0.18820224719101122,0.008333333333333333,2.8374444622222224,0.08055555555555556,0.0,0,Maritime temperate
48647099999,"SULTAN ABDUL AZIZ SHAH INTERNATIONAL, MY",3.130583,101.549333,27.43,3.130583,365,28.09436834094368,2.134408602150536,8.438812785388128,4.160882800608828,3132.976480446927,8.050057918244196,0.5418994413407822,0.0,1.5235999013698633,0.0,0.6246575342465753,4,Tropical humid
71785099999,"WHITE ROCK CAMPBELL SCIENTIFIC BC, CA",49.0166666,-122.7666666,13.0,49.0166666,365,11.254337899543378,14.081477214541732,8.297412480974126,4.363165905631659,741.1692011019284,6.609577251001711,0.3140495867768595,0.0,1.1850534663013699,0.0,0.0,0,Maritime temperate
87148099999,"PRESIDENCIA ROQUE SAENZ PENA AERO, AR",-26.7333333,-60.4833333,91.0,26.7333333,365,22.975494672754945,10.512544802867382,14.677016742770167,6.757534246575342,810.2600000000001,6.698588594598721,0.1589041095890411,0.0,2.7179556427397262,0.052054794520547946,0.17534246575342466,0,Maritime temperate
70272526491,"ANCHORAGE LAKE HOOD SEA PLANE BASE, AK US",61.1786,-149.96509,25.1,61.1786,365,2.841400304414003,23.272401433691755,7.895890410958904,3.884779299847793,536.8375139664805,6.287556495895303,0.26536312849162014,0.2493150684931507,2.2281767660273974,0.1726027397260274,0.0,2,Subarctic continental
71627094792,"MONTREAL DORVAL INTERNATIONAL AIRPORT, QC CA",45.46667,-73.75,30.2,45.46667,365,8.92267884322679,29.02547363031234,9.388125763125764,5.47640791476408,1173.3050688705234,7.068431820865614,0.33884297520661155,0.2493150684931507,4.265938780273973,0.01643835616438356,0.06301369863013699,2,Subarctic continental
78866000399,"PRINCESS JULIANA INTERNATIONAL AIRPORT, NN",18.04583,-63.11472,4.3,18.04583,365,27.959360730593605,4.825793650793653,5.547640791476408,4.74855403348554,1230.1219999999998,7.115681227691284,0.36164383561643837,0.0,4.498636600547945,0.0,0.07123287671232877,0,Maritime temperate
83378099999,"PRESIDENTE JUSCELINO KUBITSCHEK, BR",-15.862583,-47.912666,1060.39,15.862583,365,22.721917808219178,5.51863799283154,11.4234398782344,8.626331811263318,510.6690934065934,6.23767811415613,0.2087912087912088,0.0,2.5038623726027396,0.0027397260273972603,0.2602739726027397,0,Maritime temperate
A0002363890,"JACKSONVILLE WHITEHOUSE NAVAL OUTLYING FIELD, FL US",30.35016,-81.876247,27.0,30.35016,349,20.964024196115886,14.331541218637993,11.504138809296402,6.880611270296083,1423.8390828402366,7.261814162003678,0.2455621301775148,0.0,2.297954110638298,0.1489971346704871,0.23782234957020057,0,Maritime temperate
60620099999,"TOUAT CHEIKH SIDI MOHAMED BELKEBIR, AG",27.837589,-0.186414,280.11,27.837589,364,26.746642246642246,27.170071684587814,16.07234432234432,27.28866474543708,4.789446494464944,1.7560366902043472,0.0036900369003690036,0.0,5.2129854230769235,0.0,0.005494505494505495,1,Arid / semi-arid
91376000492,"MARSHALL ISLANDS INTERNATIONAL AIRPORT, MH RM",7.06472,171.27194,1.8,7.06472,361,28.81563558017852,0.8977897252090798,4.412126808248692,4.224376731301939,3372.9922701149426,8.123851972088156,0.6609195402298851,0.002770083102493075,4.075935536842105,0.0,0.002770083102493075,4,Tropical humid
70261026411,"FAIRBANKS INTERNATIONAL AIRPORT, AK US",64.80309,-147.87606,131.1,64.80309,365,-0.8776255707762561,39.61827956989248,12.17427701674277,5.706849315068493,277.368,5.62894397932513,0.20273972602739726,0.34794520547945207,1.8050641939726026,0.052054794520547946,0.024657534246575342,2,Subarctic continental
94774099999,"NEWCASTLE NOBBYS SIGNAL STATION, AS",-32.9166666,151.7833333,33.0,32.9166666,365,18.784474885844748,9.123941798941797,8.267427701674277,5.7534246575342465,798.8511666666666,6.684425668693363,0.20277777777777778,0.0,5.07720992109589,0.0,0.0,0,Maritime temperate
16641099999,"IOANNIS KAPODISTRIAS INTERNATIONAL, GR",39.601944,19.911667,1.82,39.601944,365,18.604261796042618,18.381400409626217,9.437442922374428,5.3881278538812785,1079.4092857142857,6.985095216581902,0.20054945054945056,0.0,2.111616440547945,0.010958904109589041,0.1178082191780822,0,Maritime temperate
94584099999,"DOUBLE ISLAND POINT LIGHTHOUSE, AS",-25.9333333,153.1833333,95.0,25.9333333,365,22.057077625570777,7.1487455197132626,6.323896499238965,5.676443202979516,827.2104377104376,6.719267273918356,0.24915824915824916,0.0,7.197564862465755,0.0410958904109589,0.0,0,Maritime temperate
94972099999,"SCOTTSDALE WEST MINSTONE ROAD, AS",-41.1666666,147.4833333,198.0,41.1666666,365,12.35875190258752,8.424731182795698,10.94627092846271,4.01400304414003,819.15,6.709487250358495,0.25205479452054796,0.0,3.504138829589041,0.0,0.0,0,Maritime temperate
87022099999,"GENERAL ENRIQUE MOSCONI TARTAGAL, AR",-22.619647,-63.793672,448.97,22.619647,362,25.28130755064457,12.22921146953405,12.655616942909763,9.697599261311174,499.09831288343554,6.21480470486075,0.09202453987730061,0.0,2.893426863157895,0.0027624309392265192,0.03314917127071823,0,Maritime temperate
83248099999,"DEPUTADO LUIS EDUARDO MAGALHAES, BR",-12.910994,-38.331044,19.5,12.910994,365,26.990867579908674,2.489682539682537,5.114155251141553,4.403348554033485,798.2229120879122,6.683639895702071,0.32967032967032966,0.0,4.375451927671233,0.0,0.019178082191780823,0,Maritime temperate
91334040505,"CHUUK WEATHER SERVICE OFFICE AIRPORT, FM FM",7.46666,151.85,1.5,7.46666,365,28.146727549467272,0.3753840245775706,5.3273972602739725,2.9336377473363777,4304.723047091413,8.36770035794858,0.6703601108033241,0.0,2.8359254038356165,0.0,0.030136986301369864,4,Tropical humid
43450099999,"BANDARANAIKE INTERNATIONAL COLOMBO, CE",7.180861,79.865833,8.83,7.180861,365,27.600761035007608,2.6975507765830358,7.298477929984779,3.3747336377473367,3059.686104972376,8.026394387124716,0.4585635359116022,0.0,2.9252836219178078,0.0027397260273972603,0.32054794520547947,4,Tropical humid
94603099999,"BADGINGARRA RESEARCH STATION, AS",-30.3333333,115.5333333,275.0,30.3333333,365,18.636073059360733,14.021693121693122,15.112024353120242,9.338356164383562,315.468,5.757222130627508,0.12602739726027398,0.0,4.991798122739726,0.0,0.0,1,Arid / semi-arid
70268527518,"ATQASUK EDWARD BURNELL SR MEMORIAL AIRPORT, AK US",70.46722,-157.43583,29.3,70.46722,348,-7.357758620689655,43.77319792911191,8.129150702426564,2.1431316042267055,130.39212903225805,4.878186203436431,0.07741935483870968,0.617816091954023,5.338243472413793,0.32471264367816094,0.0,3,Polar / tundra
94893099999,"WILSONS PROMONTORY LIGHTHOUSE, AS",-39.1166666,146.4166666,97.0,39.1166666,364,14.363247863247864,6.138291517323779,4.688644688644689,4.691849816849817,998.0410773480663,6.906795896269745,0.3425414364640884,0.0,8.469387676923079,0.0027472527472527475,0.01098901098901099,0,Maritime temperate
95833099999,"KYABRAM INST SUSTAINABLE AG, AS",-36.3333333,145.0666666,104.0,36.3333333,365,15.421461187214614,13.591397849462364,13.560426179604262,6.167884322678842,465.07399999999996,6.1443444198017945,0.14794520547945206,0.0,2.7030156252054796,0.0,0.0,0,Maritime temperate
02942099999,"KANKAANPAA NIINISALO PUOLVOIM, FI",61.8333333,22.4666666,124.8,61.8333333,365,4.717960426179604,22.77956989247312,7.139117199391172,3.4222222222222216,704.0452475247524,6.558261981638937,0.09900990099009901,0.32602739726027397,2.7843400602739727,0.15616438356164383,0.021917808219178082,2,Subarctic continental
94594099999,"CAPE MORETON LIGHTHOUSE AWS, AS",-27.0333333,153.4666666,101.0,27.0333333,365,21.366666666666667,7.129032258064516,5.758447488584474,5.278843226788433,1408.272561983471,7.25082893675616,0.384297520661157,0.0,6.872126178630137,0.11232876712328767,0.0,0,Maritime temperate
95705099999,"YANCO AGRICULTURAL INSTITUTE, AS",-34.6166666,146.4333333,164.0,34.6166666,363,17.54071013161922,15.471326164874554,14.72482399755127,9.360728497092133,337.54635359116014,5.824661021208048,0.13812154696132597,0.0,3.079719714600551,0.0,0.0,1,Arid / semi-arid
87453099999,"RIO CUARTO AREA DE MATERIAL, AR",-33.085128,-64.261314,420.92,33.085128,365,17.43531202435312,14.096774193548388,13.85662100456621,8.54261796042618,812.514606741573,6.701363881926996,0.12359550561797752,0.0,4.493844519452055,0.1178082191780822,0.1780821917808219,0,Maritime temperate
95836099999,"TATURA INST SUSTAINABLE AG, AS",-36.4333333,145.2666666,114.0,36.4333333,365,15.082800608828007,13.08064516129032,13.20076103500761,5.964231354642314,496.1513186813186,6.208894443904348,0.17307692307692307,0.0,3.395048512876712,0.0,0.0,0,Maritime temperate
98753099999,"FRANCISCO BANGOY INTERNATIONAL, RP",7.125522,125.645778,29.26,7.125522,365,27.952968036529676,2.0501792114695334,8.435159817351597,3.5415525114155253,2401.644950819672,7.784325472352113,0.4885245901639344,0.0,2.4886404679452054,0.0,0.3726027397260274,4,Tropical humid
93985099999,"CHATHAM ISLAND AERODROME AWS, NZ",-43.8166666,-176.4833333,13.1,43.8166666,362,13.290669122160834,8.211021505376344,7.240791896869246,3.205092592592593,854.1100828729282,6.7512302125471075,0.35359116022099446,0.0,6.43154478121547,0.04696132596685083,0.0,0,Maritime temperate
43372099999,"THIRUVANANTHAPURAM INTERNATIONAL, IN",8.482122,76.920114,4.57,8.482122,364,29.141178266178265,3.043010752688172,7.89896214896215,4.917582417582418,3148.6249289099524,8.055038654542944,0.5545023696682464,0.0,2.1695686384615382,0.0,0.25,4,Tropical humid
60419099999,"MOHAMED BOUDIAF INTERNATIONAL, AG",36.276028,6.620386,690.37,36.276028,365,16.72876712328767,24.555555555555557,13.858599695585996,9.658447488584477,696.3327173913042,6.547262653234245,0.17753623188405798,0.0136986301369863,2.9241560734246574,0.0410958904109589,0.06575342465753424,0,Maritime temperate
87347099999,"ESCUELA DE AVIACION MILITAR, AR",-31.444744,-64.283061,502.0,31.444744,365,20.028919330289195,13.272043010752688,14.129273504273502,9.627701674277017,577.2606077348066,6.360024645491161,0.13259668508287292,0.0,3.2219698191780823,0.024657534246575342,0.09315068493150686,0,Maritime temperate
87121099999,"TENIENTE BENJAMIN MATIENZO, AR",-26.840861,-65.104944,455.67,26.840861,365,20.74611872146119,12.725089605734766,13.781735159817353,6.473211567732116,770.9702472527472,6.6489460094540505,0.14835164835164835,0.0,2.697236939178082,0.03561643835616438,0.1232876712328767,0,Maritime temperate
95988099999,"MARIA ISLAND POINT LESUEUR, AS",-42.6666666,148.0166666,28.0,42.6666666,365,13.503957382039573,6.112903225806452,6.918264840182648,5.210350076103501,488.696,6.193784790408626,0.19726027397260273,0.0,6.2371754334246585,0.0,0.0,0,Maritime temperate
16624099999,"MEGAS ALEXANDROS INTERNATIONAL, GR",40.913306,24.619223,5.48,40.913306,365,17.50730593607306,19.436827956989248,10.434246575342465,6.944596651445965,392.42999999999995,5.974903161308757,0.13972602739726028,0.0,2.5988583331506847,0.010958904109589041,0.0684931506849315,0,Maritime temperate
95728099999,"COONABARABRAN AIRPORT AWS, AS",-31.3166666,149.2666666,646.0,31.3166666,365,17.059056316590564,13.692592592592595,12.933942161339422,9.92648401826484,531.622,6.277811979323575,0.14246575342465753,0.0,4.127532202739726,0.0,0.07671232876712329,0,Maritime temperate
85418099999,"DIEGO ARACENA INTERNATIONAL, CI",-20.535222,-70.181275,47.24,20.535222,365,20.109132420091324,5.169034818228365,4.87427701674277,6.633942161339421,0.0,0.0,0.0,0.0027397260273972603,5.233657274520548,0.0,0.0,1,Arid / semi-arid
A0000812978,"FAYETTE REGIONAL AIR CENTER AIRPORT, TX US",29.90778,-96.95,98.8,29.90778,359,21.71309192200557,18.912186379928315,11.42216032188177,5.136954503249768,229.9622346368715,5.442254210735962,0.07262569832402235,0.008356545961002786,2.928748320891365,0.07520891364902507,0.04456824512534819,0,Maritime temperate
87938099999,"USHUAIA MALVINAS ARGENTINAS, AR",-54.843278,-68.29575,21.64,54.843278,365,5.933485540334855,8.437275985663081,7.93455098934551,4.705479452054795,371.856,5.921192286122628,0.24383561643835616,0.1780821917808219,6.293975688767125,0.0027397260273972603,0.010958904109589041,0,Maritime temperate
13610099999,"KUKES INTERNATIONIONAL AIRPORT, AL",42.03413,20.41531,354.0,42.03413,365,14.761491628614916,20.574756784434204,11.249467275494673,6.912024353120243,901.1919999999999,6.8048273577215035,0.273972602739726,0.019178082191780823,2.0976630279452055,0.03561643835616438,0.0,0,Maritime temperate
48698099999,"SINGAPORE CHANGI INTERNATIONAL, SN",1.350189,103.994433,6.7,1.350189,365,27.979147640791474,2.8853046594982104,6.395129375951294,3.6456621004566214,3171.5847940074905,8.062301927050902,0.5056179775280899,0.0,3.007735605479452,0.0,0.41643835616438357,4,Tropical humid
85442099999,"CERRO MORENO INTERNATIONAL, CI",-23.444478,-70.4451,138.68,23.444478,365,17.812024353120243,5.1510496671787,4.530745814307458,4.731811263318113,2.032,1.1092224677801252,0.0027397260273972603,0.0,3.84324903890411,0.0,0.0,1,Arid / semi-arid
98429099999,"NINOY AQUINO INTERNATIONAL, RP",14.508647,121.019581,22.86,14.508647,365,28.71095890410959,3.7025089605734784,7.246118721461188,4.780060882800608,2863.1689112903227,7.960033503747276,0.5685483870967742,0.0,2.8198578378082195,0.0,0.1863013698630137,4,Tropical humid
93738099999,"MOUNT COOK AERODROME AWS, NZ",-43.7666666,170.1333333,656.23,43.7666666,361,9.565250846414282,14.510334528076463,13.244228993536474,7.212219144352107,2255.8577285318565,7.721728739178006,0.3518005540166205,0.0,4.934244736842105,0.0,0.0,0,Maritime temperate
96471099999,"KOTA KINABALU INTERNATIONAL, MY",5.937208,116.051181,3.04,5.937208,365,27.984170471841704,2.4157706093189937,8.535007610350076,3.519330289193303,2157.7299999999996,7.677275364797242,0.37534246575342467,0.0,1.9502360624657535,0.0,0.4246575342465753,4,Tropical humid
07117099999,"PLOUMANAC H PERROS GUIREC, FR",48.8333333,-3.4666666,58.0,48.8333333,365,13.055707762557079,9.741137566137564,5.3643835616438365,3.2348554033485537,784.6059999999999,6.666455394485633,0.3972602739726027,0.0,5.216884990684932,0.021917808219178082,0.0,0,Maritime temperate
12843099999,"BUDAPEST PESTSZENTLORINC, HU",47.4333333,19.1833333,139.0,47.4333333,365,12.940334855403346,21.335125448028673,9.457838660578387,5.825114155251143,750.9768245125347,6.622705505007567,0.22562674094707522,0.0,2.0221172789041093,0.0,0.0,0,Maritime temperate
93845099999,"INVERCARGILL AIRPORT AWS, NZ",-46.4166666,168.3333333,2.0,46.4166666,365,10.728919330289193,10.173297491039424,10.923896499238964,3.373668188736682,1178.56,7.072896766566239,0.4438356164383562,0.0,4.347686046027397,0.2054794520547945,0.0,0,Maritime temperate
10687099999,"GRAFENWOHR ARMY AIR FIELD, GM",49.698686,11.940175,415.44,49.698686,364,9.87820512820513,18.07891942121333,10.746184371184372,4.261752136752136,967.4850378787878,6.875733033970658,0.5037878787878788,0.11263736263736264,1.6079201615384615,0.17857142857142858,0.07142857142857142,0,Maritime temperate
29059099999,"ALEKSANDROVSKIJ SHLYUZ, RS",59.4333333,89.2833333,102.23,59.4333333,365,-0.19041095890410958,40.65053763440861,12.429599020508114,4.573668188736683,597.6071191135734,6.394605488287359,0.3490304709141274,0.3589041095890411,0.9785711484931506,0.03287671232876712,0.057534246575342465,2,Subarctic continental
15238099999,"SFANTU GHEORGHE GOVASNA, RO",45.8666666,25.8166666,526.0,45.8666666,365,10.191780821917808,21.139400921658986,13.061035007610348,4.502283105022831,907.6750476190476,6.811987546897683,0.2857142857142857,0.038356164383561646,1.5360029347945208,0.03287671232876712,0.0136986301369863,0,Maritime temperate
44454099999,"TRIBHUVAN INTERNATIONAL, NP",27.696592,85.359192,1338.07,27.696592,365,18.964840182648402,13.479749103942652,12.417351598173518,5.849162861491628,1837.2625961538458,7.5165761633057295,0.3301282051282051,0.0,1.9352960449315069,0.0027397260273972603,0.27945205479452057,4,Tropical humid
98646099999,"MACTAN CEBU INTERNATIONAL, RP",10.307542,123.979439,9.44,10.307542,365,28.336073059360732,2.9874551971326184,5.9652968036529685,4.147945205479452,2289.198007246377,7.736393558856765,0.5905797101449275,0.0,3.5492407693150683,0.0,0.3315068493150685,4,Tropical humid
80036099999,"ALFONSO LOPEZ PUMAREJO, CO",10.435042,-73.249506,147.21,10.435042,365,30.03820395738204,2.164874551971323,10.280372405372406,8.467427701674277,970.9080219780219,6.879261172388338,0.20054945054945056,0.0,4.196453604383562,0.0684931506849315,0.23013698630136986,0,Maritime temperate
41978099999,"SHAH AMANAT INTERNATIONAL, BG",22.249611,91.813286,3.65,22.249611,365,27.348858447488585,8.335125448028677,8.100608828006088,4.8155251141552515,2853.0077346278313,7.956479508133961,0.37216828478964403,0.0,3.1403634969863012,0.057534246575342465,0.0684931506849315,0,Maritime temperate
93781099999,"CHRISTCHURCH AERO AWS, NZ",-43.4833333,172.5166666,37.0,43.4833333,365,12.239878234398782,11.390616999487968,12.066514459665143,4.329528158295282,793.75,6.678027599790912,0.25753424657534246,0.00821917808219178,4.090323102465753,0.2054794520547945,0.0,0,Maritime temperate
61998099999,"PORT AUX FRANCAIS ILES KERGUELEN, FS",-49.35,70.25,30.0,49.35,365,5.925418569254186,7.204301075268818,7.026179604261796,4.214307458143074,777.2399999999999,6.657034959897692,0.29863013698630136,0.07671232876712329,9.542442897534247,0.00821917808219178,0.0,3,Polar / tundra
64390099999,"BUJUMBURA INTERNATIONAL, BY",-3.324019,29.318519,786.99,3.324019,365,25.926788432267884,2.37622461170848,9.26240487062405,6.447792998477929,634.0906172839507,6.453767693095564,0.1440329218106996,0.0027397260273972603,2.7407884997260274,0.0,0.1780821917808219,0,Maritime temperate
98836099999,"ZAMBOANGA INTERNATIONAL, RP",6.922419,122.059633,10.05,6.922419,365,28.590715372907155,1.8261648745519707,9.704870624048706,4.144901065449011,1901.9476394849785,7.551159352196109,0.48497854077253216,0.0,2.3243002750684933,0.0,0.15342465753424658,4,Tropical humid
63980099999,"SEYCHELLES INTERNATIONAL, SE",-4.674342,55.521839,3.04,4.674342,365,27.737595129375954,2.464157706093193,4.840943683409437,4.109284627092846,2461.2599999999998,7.808834906367587,0.4438356164383562,0.0,4.239864221369863,0.0,0.10410958904109589,4,Tropical humid
47971042402,"CHICHI JIMA BONIN ISLAND, JA",27.083333,142.183333,7.9,27.083333,365,23.811719939117197,10.037634408602148,4.741552511415525,3.5423135464231357,1454.5791483516482,7.283159140512871,0.2967032967032967,0.0,3.275951203287671,0.0027397260273972603,0.0,0,Maritime temperate
11078099999,"LILIENFELD TARSCHBERG, AU",48.0333333,15.5833333,696.0,48.0333333,365,10.050228310502282,18.388696876600104,7.799543378995434,5.238203957382039,1022.1939714285713,6.930684358367459,0.3457142857142857,0.11506849315068493,2.9361362761643837,0.0,0.0,0,Maritime temperate
45007099999,"HONG KONG INTERNATIONAL, HK",22.308919,113.914603,8.53,22.308919,365,24.96697108066971,13.32974910394265,5.305783866057838,6.228919330289194,2140.4803296703294,7.669252611708702,0.24725274725274726,0.0,4.174748295890411,0.0,0.12602739726027398,0,Maritime temperate
01045099999,"NORDSTRAUM I KVAENANGEN, NO",69.8333333,21.8833333,6.0,69.8333333,364,3.912851037851038,18.88888888888889,6.097069597069596,3.9818466353677624,1916.3038141025638,7.558675214631585,0.3717948717948718,0.0,4.553536053846154,0.0,0.0,0,Maritime temperate
96109099999,"SULTAN SYARIF KASIM II, ID",0.461169,101.444642,31.08,0.461169,365,27.197108066971083,2.2078853046594986,9.011415525114154,3.040182648401826,3538.062009569378,8.171617001969121,0.6220095693779905,0.0,1.945584924931507,0.07123287671232877,0.43561643835616437,4,Tropical humid
03507099999,"SENNYBRIDGE NUMBER 2, UK",52.0666666,-3.6166666,307.0,52.0666666,365,9.43302891933029,11.50794504181601,7.649162861491629,2.1907153729071536,1867.9160000000002,7.533113862625335,0.5917808219178082,0.03561643835616438,3.504984490958904,0.18904109589041096,0.0,0,Maritime temperate
15410099999,"DROBETA TURNU SEVERIN, RO",44.6333333,22.6333333,80.0,44.6333333,365,14.235768645357687,20.757232462877628,10.703500761035007,6.2993911719939115,756.4119999999998,6.629907359017917,0.2547945205479452,0.0136986301369863,2.1444562904109588,0.01643835616438356,0.1178082191780822,0,Maritime temperate
31707099999,"EKATERINO NIKOL SKOE, RS",47.7333333,130.9666666,73.0,47.7333333,365,3.3519025875190267,43.903225806451616,11.658295281582951,6.2,634.3720165745855,6.454210680221257,0.20165745856353592,0.06027397260273973,2.2635536000000003,0.057534246575342465,0.03561643835616438,2,Subarctic continental
98327099999,"CLARK INTERNATIONAL, RP",15.185989,120.560325,147.52,15.185989,365,28.08158295281583,3.964157706093186,8.60213089802131,5.445966514459665,3461.596666666666,8.149774068276768,0.5159817351598174,0.0,2.1523491298630137,0.024657534246575342,0.2191780821917808,4,Tropical humid
15138099999,"DUMBRAVITA DE CODRU, RO",46.6333333,22.1666666,586.0,46.6333333,365,12.022374429223742,22.09299795186892,8.12420091324201,6.286301369863014,1515.6522471910112,7.324260715885106,0.37640449438202245,0.10684931506849316,1.814930243287671,0.1589041095890411,0.07397260273972603,0,Maritime temperate
03144099999,"STRATHALLEN AIRFIELD, UK",56.3166666,-3.7333333,35.0,56.3166666,365,9.229984779299848,11.043249701314217,8.122678843226787,2.9232876712328766,1200.912,7.091668901100598,0.4191780821917808,0.049315068493150684,3.1106244054794523,0.14246575342465753,0.0,0,Maritime temperate
07003099999,"LE TOUQUET PARIS PLAGE, FR",50.514747,1.627339,10.97,50.514747,365,12.39041095890411,12.322883597883598,7.213546423135464,3.3308980213089803,1142.238,7.041619866091212,0.3863013698630137,0.0136986301369863,4.27467728109589,0.057534246575342465,0.01643835616438356,0,Maritime temperate
15615099999,"MUSSALA TOP SOMMET, BU",42.1833333,23.5833333,2927.0,42.1833333,365,-1.2252663622526638,19.33909370199693,5.406849315068493,3.266636141636142,858.0120000000001,6.755782891618926,0.3506849315068493,0.29041095890410956,7.865214513972604,0.7232876712328767,0.021917808219178082,3,Polar / tundra
16076099999,"BERGAMO ORIO AL SERIO, IT",45.673889,9.704166,238.35,45.673889,365,14.806544901065449,19.39247311827957,9.586757990867579,6.113394216133941,758.952,6.633255273391096,0.1917808219178082,0.005479452054794521,2.1567183802739724,0.06027397260273973,0.12054794520547946,0,Maritime temperate
28908099999,"AVANGARD ZERNOSOVHOZ, RS",52.6166666,51.2833333,88.0,52.6166666,365,6.815372907153728,35.12903225806451,11.916590563165906,6.371537290715374,437.13399999999996,6.082524799660607,0.2356164383561644,0.1589041095890411,3.2634072263013705,0.019178082191780823,0.052054794520547946,2,Subarctic continental
24668099999,"VERHOJANSK PEREVOZ, RS",63.3166666,132.0166666,90.92,63.3166666,365,-10.040334855403348,65.41397849462365,11.350989345509895,4.6380517503805185,330.0883516483516,5.802385263168265,0.19230769230769232,0.26301369863013696,1.1119037578082194,0.0136986301369863,0.005479452054794521,2,Subarctic continental
59287099999,"BAIYUN INTERNATIONAL, CH",23.392436,113.298786,15.24,23.392436,365,24.09254185692542,15.974910394265237,10.451141552511416,5.176560121765601,1891.179831460674,7.545484793435753,0.3146067415730337,0.0,2.9767280219178085,0.010958904109589041,0.16164383561643836,0,Maritime temperate
32061099999,"ALEKSANDROVSK SAHALINSKIJ, RS",50.9,142.1666666,31.0,50.9,365,1.6960426179604255,36.88351254480287,7.280213089802133,3.708219178082192,647.954,6.475361835917838,0.29863013698630136,0.3095890410958904,3.5840538290410957,0.057534246575342465,0.0027397260273972603,2,Subarctic continental
98431099999,"CALAPAN MINDORO ISL, RP",13.4166667,121.1833333,41.0,13.4166667,364,27.669566544566546,3.7078853046594986,6.48580586080586,2.730921855921856,2497.0612015503875,7.8232701906057285,0.6007751937984496,0.0,1.1785572846153847,0.0,0.14835164835164835,4,Tropical humid
07075099999,"CHARLEVILLE MEZIERES, FR",49.783942,4.647078,149.04,49.783942,365,11.412328767123288,15.361904761904764,10.516133942161341,3.5866057838660583,1138.4279999999999,7.038281661081721,0.38904109589041097,0.0136986301369863,2.7974478115068493,0.32602739726027397,0.0,0,Maritime temperate
14015099999,"LJUBLJANA BEZIGRAD, SI",46.0666666,14.5166666,298.0,46.0666666,365,12.651445966514459,19.347286226318484,9.500304414003045,5.167275494672755,1817.0141208791208,7.505500041967502,0.3021978021978022,0.0547945205479452,1.2507331660273973,0.20821917808219179,0.052054794520547946,0,Maritime temperate
16008099999,"S. VALENTINO ALLA MUTA, IT",46.75,10.5333333,1461.0,46.75,365,7.261643835616439,18.586021505376344,8.072602739726028,4.550824175824176,552.704,6.316630247931417,0.20821917808219179,0.13424657534246576,2.381100530410959,0.0136986301369863,0.04657534246575343,0,Maritime temperate
30879099999,"NERCHINSKIJ ZAVOD, RS",51.3166666,119.6166666,619.0,51.3166666,365,-1.5683409436834093,49.03942652329749,13.46392694063927,6.922526636225267,224.6434615384615,5.418956149732926,0.12637362637362637,0.14520547945205478,1.1835030871232877,0.057534246575342465,0.0136986301369863,2,Subarctic continental
15261099999,"INTORSURA BUZAULUI, RO",45.6833333,26.0166666,710.0,45.6833333,365,8.865905631659057,20.955133128520224,12.289041095890411,4.105022831050229,718.058,6.577942022061472,0.3041095890410959,0.0821917808219178,2.0205668997260275,0.18904109589041096,0.0684931506849315,0,Maritime temperate
60475099999,"CHEIKH LARBI TEBESSI, AG",35.431611,8.120717,811.07,35.431611,365,17.426636225266364,25.301075268817208,14.64992389649924,14.926940639269406,256.286,5.550188306614196,0.10684931506849316,0.005479452054794521,3.199559792876712,0.005479452054794521,0.07671232876712329,1,Arid / semi-arid
59493099999,"BAOAN INTERNATIONAL, CH",22.639258,113.810664,3.96,22.639258,365,24.375646879756474,13.645161290322584,7.7098934550989355,5.214003044140029,1762.7957746478874,7.475223455855274,0.22816901408450704,0.0,3.1675656043835616,0.005479452054794521,0.1232876712328767,0,Maritime temperate
45011099999,"MACAU INTERNATIONAL, MC",22.149556,113.591558,6.09,22.149556,365,24.044901065449015,13.783154121863799,5.553120243531203,3.561491628614916,2054.8599999999997,7.628449530871381,0.27671232876712326,0.0,4.614069377534246,0.057534246575342465,0.12876712328767123,0,Maritime temperate
24449099999,"BESTYAHSKAYA ZVEROFERMA, RS",65.3,127.1166667,73.3,65.3,365,-9.943835616438356,62.39068100358422,12.239573820395737,5.473515981735161,406.90799999999996,6.011041658781346,0.2328767123287671,0.26575342465753427,1.6518585424657533,0.00821917808219178,0.00821917808219178,2,Subarctic continental
16531099999,"OLBIA COSTA SMERALDA, IT",40.898661,9.517628,11.27,40.898661,365,18.189497716894977,19.197388632872503,11.32876712328767,6.08675799086758,388.41414835164835,5.96464342600082,0.14285714285714285,0.0,4.116256717808219,0.0136986301369863,0.043835616438356165,0,Maritime temperate
17600099999,"PAFOS INTERNATIONAL, CY",34.718039,32.485731,12.49,34.718039,365,20.716590563165905,16.376792114695338,9.083409436834094,6.840182648401827,377.44071197411,5.936059421173947,0.14563106796116504,0.0027397260273972603,3.783911799452055,0.0,0.10136986301369863,0,Maritime temperate
31478099999,"SOFIJSKIJ PRIISK, RS",52.2666666,133.9833333,902.0,52.2666666,365,-5.958447488584476,51.5931899641577,15.398630136986302,5.396042617960426,714.4273351648351,6.572880035718704,0.2967032967032967,0.29863013698630136,1.4287448843835615,0.07123287671232877,0.0410958904109589,2,Subarctic continental
30838099999,"PETROVSKIJ ZAVOD, RS",51.3166666,108.8666666,806.0,51.3166666,365,-1.9277016742770163,41.4068100358423,16.920482295482294,5.20441400304414,422.82930939226515,6.049330801989966,0.1464088397790055,0.23013698630136986,1.7946343704109589,0.18082191780821918,0.024657534246575342,2,Subarctic continental
60351099999,"FERHAT ABBAS AIRPORT, AG",36.795136,5.873608,10.97,36.795136,365,19.200608828006086,19.051971326164875,10.433333333333334,7.004261796042618,835.4060000000001,6.729114141129896,0.1917808219178082,0.0,2.267781906849315,0.0027397260273972603,0.09041095890410959,0,Maritime temperate
07093099999,"METZ NANCY LORRAINE, FR",48.982142,6.251319,265.17,48.982142,365,12.192998477929985,16.633094384707288,9.200396825396824,4.8471841704718415,663.702,6.499338819919195,0.3041095890410959,0.024657534246575342,4.740918583013699,0.07397260273972603,0.043835616438356165,0,Maritime temperate
13168099999,"NOVI SAD RIMSKI SANCEVI, RI",45.3333333,19.85,87.0,45.3333333,365,13.896651445966514,20.795122887864824,10.890258751902588,4.975494672754947,662.1779999999999,6.497043430773881,0.26575342465753427,0.030136986301369864,2.872142309348442,0.0410958904109589,0.07945205479452055,0,Maritime temperate
33301099999,"RIVNE INTERNATIONAL, UP",50.607142,26.141622,230.12,50.607142,363,9.783746556473831,21.85061443932412,8.943220079583716,4.547291092745638,1194.9288888888889,7.086678475292151,0.5893719806763285,0.12121212121212122,3.803059157024794,0.049586776859504134,0.024793388429752067,0,Maritime temperate
07247099999,"ROMORANTIN PRUNIERS, FR",47.3166667,1.6833333,86.0,47.3166667,364,13.237484737484737,15.848180076628353,11.913682277318639,4.518925518925518,688.1934615384615,6.535522017578101,0.32967032967032966,0.005494505494505495,2.4769630615384615,0.23626373626373626,0.046703296703296704,0,Maritime temperate
10633099999,"WIESBADEN ARMY AIR FIELD, GM",50.049819,8.325397,140.51,50.049819,356,12.225811485642947,17.23004778972521,8.917134831460674,5.325218476903871,828.8933596837944,6.721297210227403,0.44664031620553357,0.03932584269662921,2.8405690191011237,0.05337078651685393,0.05337078651685393,0,Maritime temperate
29939099999,"BIJSK ZONAL NAYA, RS",52.6666666,84.9166666,225.0,52.6666666,365,4.363774733637747,33.878904249871994,12.205783866057839,6.511567732115677,554.9865109890109,6.320744033145153,0.28846153846153844,0.2493150684931507,2.0252180372602737,0.057534246575342465,0.06575342465753424,2,Subarctic continental
30683099999,"EROFEJ PAVLOVIC, RS",53.9666666,121.9333333,522.0,53.9666666,365,-2.10806697108067,48.623655913978496,15.931354642313547,7.348706240487062,320.38732044198895,5.77264700150463,0.1464088397790055,0.136986301369863,1.543332,0.043835616438356165,0.049315068493150684,2,Subarctic continental
31174099999,"BOL SHOJ SHANTAR, RS",54.8333333,137.5333333,21.0,54.8333333,365,-2.664992389649924,36.75985663082437,10.1441400304414,4.6726027397260275,435.102,6.077876160942309,0.18904109589041096,0.2,2.49174122630137,0.09041095890410959,0.0,2,Subarctic continental
30393099999,"CULMAN NERIUGRI, RS",56.8333333,124.8666667,859.0,56.8333333,365,-5.663013698630137,52.4426523297491,10.381868131868131,5.704261796042618,608.33,6.4123599928715045,0.2876712328767123,0.4849315068493151,2.7364463538461536,0.10684931506849316,0.03287671232876712,2,Subarctic continental
14654099999,"SARAJEVO BJELAVE, BK",43.8666666,18.4333333,638.0,43.8666666,365,11.994672754946729,21.048771121351766,11.045053272450533,5.86431623931624,1263.6499999999999,7.142550683036794,0.38082191780821917,0.11506849315068493,1.8923082586301372,0.0273972602739726,0.07397260273972603,0,Maritime temperate
12650099999,"KASPROWY WIERCH, PL",49.2333333,19.9833333,1989.0,49.2333333,365,1.0855403348554036,18.62384792626728,5.919634703196347,2.912633181126332,1840.738,7.518464969999414,0.5095890410958904,0.410958904109589,6.357541235068493,0.7589041095890411,0.06575342465753424,3,Polar / tundra
07046099999,"LE HAVRE OCTEVILLE, FR",49.5333333,0.0833333,94.0,49.5333333,365,12.50213089802131,12.568518518518516,6.271080669710806,3.2366818873668195,871.728,6.771623937990543,0.38904109589041097,0.005479452054794521,5.26311447890411,0.0821917808219178,0.0,0,Maritime temperate
26406099999,"LIEPAJA INTERNATIONAL, LG",56.5175,21.096944,4.87,56.5175,365,8.70289193302892,17.24910394265233,7.578206305479032,3.500913242009133,922.3173412698412,6.827972990438923,0.32142857142857145,0.20821917808219179,4.0023743199999995,0.18082191780821918,0.043835616438356165,0,Maritime temperate
24763099999,"KREST HAL DZHAY, RS",62.8166666,134.4333333,114.54,62.8166666,363,-9.910774410774412,66.56544308490916,9.970309152127335,5.119987756351392,543.8642339832869,6.300536651672434,0.233983286908078,0.22589531680440772,1.107542661157025,0.01652892561983471,0.011019283746556474,2,Subarctic continental
32165099999,"JUZHNO KURIL SK, RS",44.0166666,145.8666666,49.0,44.0166666,365,7.416590563165907,24.29032258064516,4.545205479452055,3.170928462709284,880.4874722222222,6.78161078985063,0.3111111111111111,0.21095890410958903,3.7089298246575346,0.27945205479452057,0.010958904109589041,3,Polar / tundra
32215099999,"SEVERO KURIL SK, RS",50.6833333,156.1333333,23.0,50.6833333,365,3.694216133942161,19.086021505376344,5.157686453576864,4.571232876712329,2461.2599999999998,7.808834906367587,0.5753424657534246,0.4383561643835616,3.6779222410958905,0.19452054794520549,0.0,3,Polar / tundra
31510099999,"BLAGOVESCENSK, RS",50.2833333,127.4833333,169.19,50.2833333,365,2.4576864535768634,46.750896057347674,11.91537290715373,7.669558599695585,459.23199999999997,6.131730710168609,0.15342465753424658,0.10136986301369863,2.3944901687671236,0.0273972602739726,0.0410958904109589,2,Subarctic continental
27479099999,"KOZ MODEM JANSK, RS",56.3333333,46.5833333,107.0,56.3333333,365,6.28386605783866,30.379928315412187,7.529832572298325,6.1144596651445955,524.002,6.263402072108177,0.28493150684931506,0.25205479452054796,2.5918111550684935,0.01643835616438356,0.03287671232876712,2,Subarctic continental
23986099999,"SEVERO ENISEJSK, RS",60.3666666,93.0333333,511.0,60.3666666,365,-2.1024353120243533,40.37275985663082,9.287214611872145,4.130745814307458,615.188,6.423552111776253,0.410958904109589,0.44931506849315067,2.1268383452054795,0.0136986301369863,0.0547945205479452,2,Subarctic continental
20087099999,"MGMS IM. G.F. USHAKOVA, RS",79.55,90.5666666,8.0,79.55,365,-12.299695585996956,26.844086021505376,4.695890410958904,1.6074278698588091,146.28745042492918,4.992386122452314,0.13031161473087818,0.4438356164383562,5.970510214794521,0.11232876712328767,0.0,3,Polar / tundra
08094099999,"HUESCA PIRINEOS, SP",42.0833333,-0.3333333,554.0,42.0833333,365,14.597412480974123,21.370967741935488,13.546575342465754,8.020852359208524,371.9307058823529,5.921392627271146,0.15294117647058825,0.010958904109589041,3.3117508679452055,0.07671232876712329,0.057534246575342465,0,Maritime temperate
08027099999,"SAN SEBASTIAN IGUELDO, SP",43.3,-2.0333333,259.0,43.3,365,14.790563165905631,13.063500597371565,5.425875190258751,4.043803418803418,1652.5105571030642,7.410655917102441,0.3983286908077994,0.005479452054794521,4.0232339671232875,0.1095890410958904,0.019178082191780823,0,Maritime temperate
14240099999,"ZAGREB\MAKSIMIR, HR",45.8166667,16.0333333,128.0,45.8166667,365,13.88371385083714,19.437019969278033,9.88371385083714,5.5299847792998476,1256.6207799442896,7.136976945031027,0.3064066852367688,0.0410958904109589,1.752492245479452,0.06027397260273973,0.08493150684931507,0,Maritime temperate
28502099999,"VJATSKIE POLJANY, RS",56.2333333,51.0333333,83.0,56.2333333,365,5.5019786910197865,32.95340501792115,10.792237442922374,6.4190258751902585,375.6659999999999,5.9313588531252055,0.2191780821917808,0.23835616438356164,3.1710891934246574,0.0136986301369863,0.021917808219178082,2,Subarctic continental
60107099999,"CHERIF EL IDRISSI, MO",35.177103,-3.839525,27.12,35.177103,365,19.773059360730596,14.028673835125446,9.856773211567733,7.229375951293759,180.33999999999997,5.20037372221791,0.07397260273972603,0.0,2.6600278389041097,0.01643835616438356,0.03287671232876712,0,Maritime temperate
67005099999,"DZAOUDZI PAMANDZI, MF",-12.804722,45.281113,7.01,12.804722,365,27.085235920852366,2.459976105137393,7.31841909023117,4.463343108504398,846.8701923076923,6.74272754896586,0.1978021978021978,0.0,3.659317690958904,0.0027397260273972603,0.0273972602739726,0,Maritime temperate
34110099999,"BOGORODITSKOE FENINO, RS",51.1666666,37.35,226.0,51.1666666,365,8.145053272450532,25.91935483870968,9.272602739726029,4.483105022831049,747.7760000000002,6.618439873367678,0.29315068493150687,0.13972602739726028,2.5555886597260273,0.00821917808219178,0.03287671232876712,0,Maritime temperate
27756099999,"KRASNOSLOBODSK, RS",54.4333333,43.7666666,188.02,54.4333333,365,6.637138508371385,29.259856630824373,8.241400304414004,5.587214611872146,670.56,6.509603364168197,0.3561643835616438,0.20821917808219179,2.8050587638356164,0.07123287671232877,0.030136986301369864,2,Subarctic continental
31873099999,"DAL NERECHENSK, RS",45.8666666,133.7333333,101.0,45.8666666,365,4.313546423135465,42.74551971326165,10.14779299847793,5.069254185692542,773.6049311294765,6.652353133093795,0.21487603305785125,0.1095890410958904,2.1037236010958904,0.0684931506849315,0.0410958904109589,2,Subarctic continental
89059099999,"BASE BERNARDO O HIGGINS, AY",-63.3166666,-56.6833333,10.0,63.3166666,351,-3.1297879075656856,8.437574671445638,3.861749680715198,1.1905666350110795,624.4604597701149,6.43848811411211,0.3448275862068966,0.2849002849002849,6.8508991145299145,0.3076923076923077,0.008547008547008548,3,Polar / tundra
24724099999,"CHERNISHEVSKIJ, RS",63.0333333,112.4833333,422.0,63.0333333,364,-6.0,57.15633213859021,7.707417582417582,6.614163614163615,376.7796378830084,5.934311057063875,0.24233983286908078,0.36538461538461536,3.3269263076923083,0.01098901098901099,0.013736263736263736,2,Subarctic continental
24802099999,"STRELKA CHUNYA, RS",61.7333333,102.8166666,358.2,61.7333333,364,-6.63980463980464,52.79928315412186,13.824976787372329,5.000457875457875,366.9770833333333,5.908020662679128,0.23333333333333334,0.3159340659340659,0.9616145538461539,0.04945054945054945,0.027472527472527472,2,Subarctic continental
27930099999,"LIPETSK AIRPORT, RS",52.702547,39.538034,178.92,52.702547,365,7.5350076103500765,27.134408602150536,9.594368340943683,4.298021308980213,637.9269806094183,6.459790176501304,0.296398891966759,0.27671232876712326,4.400257994520548,0.0958904109589041,0.052054794520547946,2,Subarctic continental
22778099999,"VERHNJAJA TOJMA, RS",62.2333333,45.0166666,58.0,62.2333333,365,3.082800608828005,29.44086021505376,8.466057838660578,4.114459665144596,680.212,6.523873564605188,0.35342465753424657,0.3780821917808219,2.3960405479452054,0.019178082191780823,0.043835616438356165,2,Subarctic continental
88889099999,"MOUNT PLEASANT, FK",-51.822777,-58.447222,74.37,51.822777,365,6.644748858447489,10.25089605734767,8.653576864535768,3.9077625570776258,421.132,6.045318061334008,0.3150684931506849,0.20821917808219179,8.214331716164384,0.0547945205479452,0.00821917808219178,3,Polar / tundra
17241099999,"SULEYMAN DEMIREL, TU",37.855417,30.368397,864.1,37.855417,365,13.798173515981738,25.21441372247824,14.975190258751905,7.907305936073059,440.69,6.090608278545427,0.20273972602739726,0.024657534246575342,3.125282535890411,0.03561643835616438,0.14520547945205478,0,Maritime temperate
29111099999,"SREDNY VASJUGAN, RS",59.2166666,78.2333333,69.0,59.2166666,365,1.6398782343987823,36.18100358422939,9.879604261796043,4.75814307458143,554.4722038567493,6.319818569766082,0.30578512396694213,0.33424657534246577,2.4053428230136986,0.0273972602739726,0.052054794520547946,2,Subarctic continental
27606099999,"MALOJAROSLAVEC, RS",55.0166666,36.4833333,197.0,55.0166666,365,6.559817351598174,23.91935483870968,8.785540334855403,4.341704718417047,719.328,6.579706663831727,0.3780821917808219,0.27123287671232876,2.057776,0.043835616438356165,0.021917808219178082,2,Subarctic continental
14021099999,"SLOVENJ GRADEC, SI",46.4833333,15.1166666,444.0,46.4833333,365,10.019634703196347,20.410138248847925,10.599543378995433,3.655035200489746,2264.1394347826085,7.725391596632781,0.4826086956521739,0.0821917808219178,1.5987228197260275,0.0,0.0,0,Maritime temperate
13279099999,"SMEDEREVSKA PALANKA, RI",44.3666666,20.95,122.0,44.3666666,365,13.371689497716895,20.57750896057348,11.926331811263319,5.035159817351599,716.788,6.576174260825088,0.27123287671232876,0.057534246575342465,1.9934705000000001,0.07945205479452055,0.0958904109589041,0,Maritime temperate
08330099999,"TALAVERA LA REAL, SP",38.89125,-6.821333,185.62,38.89125,365,18.0662100456621,19.118279569892476,13.961339421613394,8.941528545119704,387.15488826815647,5.961404456532936,0.11731843575418995,0.0,2.587019073972603,0.08767123287671233,0.030136986301369864,0,Maritime temperate
31521099999,"BRATOLJUBOVKA, RS",50.7833333,129.3333333,227.0,50.7833333,365,0.23911719939117307,49.3584229390681,12.688584474885847,5.737138508371386,767.8420000000001,6.644885486757018,0.2054794520547945,0.08493150684931507,1.8150711868493152,0.04657534246575343,0.0547945205479452,2,Subarctic continental
20292099999,"GMO IM.E.K. FEDOROVA, RS",77.7166666,104.3,15.0,77.7166666,365,-12.545357686453578,30.28853046594982,5.348554033485541,1.863165905631659,193.54799999999997,5.27067891924408,0.1589041095890411,0.3589041095890411,6.15345495780822,0.1780821917808219,0.0,3,Polar / tundra
13581099999,"TOPOLCANI PGC, MK",41.2166666,21.4666666,-999.9,41.2166666,365,12.648401826484017,21.410394265232974,9.843987823439878,7.372907153729071,508.25399999999996,6.232946909764334,0.22465753424657534,0.010958904109589041,3.960514082191781,0.0,0.030136986301369864,0,Maritime temperate
17220099999,"IZMIR GUZELYALI, TU",38.4333333,27.1666666,29.0,38.4333333,365,19.42496194824962,20.673195084485407,9.308675799086757,8.033942161339422,822.706,6.713813670126088,0.18904109589041096,0.0027397260273972603,2.51781578520548,0.0027397260273972603,0.12054794520547946,0,Maritime temperate
17271099999,"GAP SANLIURFA, TU",37.4833333,38.8833333,825.39,37.4833333,365,17.449010654490106,28.26036866359447,11.5896499238965,12.702130898021311,456.946,6.1267512732328395,0.13424657534246576,0.010958904109589041,3.714849454246575,0.10684931506849316,0.08767123287671233,1,Arid / semi-arid
33393099999,"LVIV INTERNATIONAL, UP",49.8125,23.956111,326.44,49.8125,363,9.88934802571166,20.90988223246288,9.508417508417509,4.121977349250077,1430.7649038461536,7.2666631607508885,0.5961538461538461,0.14049586776859505,2.4168947592286503,0.11570247933884298,0.04132231404958678,0,Maritime temperate
23955099999,"ALEKSANDROVSKOE, RS",60.4333333,77.8666666,48.0,60.4333333,364,0.8050976800976807,37.03763440860215,9.990079365079364,4.364010989010989,575.1595592286502,6.356384634884739,0.2975206611570248,0.39285714285714285,2.4508168692307697,0.01098901098901099,0.0521978021978022,2,Subarctic continental
22383099999,"NIZHNYAYA PESHA, RS",66.7394444,47.7197222,11.5,66.7394444,364,0.3379120879120876,30.47491039426523,8.37912087912088,2.5093101343101343,595.4834615384614,6.391051515316992,0.3708791208791209,0.36538461538461536,3.580191046153846,0.11813186813186813,0.016483516483516484,2,Subarctic continental
24758099999,"BERDIGESTYAH, RS",62.2666666,127.0666666,231.42,62.2666666,364,-8.487332112332112,61.21642771804062,14.129017447199267,6.210470085470086,281.4410714285714,5.6434699321141535,0.20054945054945056,0.29120879120879123,1.4592401923076925,0.046703296703296704,0.013736263736263736,2,Subarctic continental
29203099999,"NOVYJ VASYUGAN, RS",58.5833333,76.5166666,80.0,58.5833333,365,1.9111111111111114,36.426523297491045,10.914003044140031,4.895433789954338,605.536,6.4077640835887495,0.30684931506849317,0.29863013698630136,2.5063993567123286,0.03287671232876712,0.052054794520547946,2,Subarctic continental
29654099999,"CENTRAL NYJ RUDNIK, RS",55.2166666,87.65,495.0,55.2166666,365,2.0604261796042618,32.62724014336918,10.707305936073057,5.157534246575342,819.912,6.71041591734946,0.4575342465753425,0.37534246575342467,2.2467813161643835,0.2547945205479452,0.06027397260273973,2,Subarctic continental
30635099999,"UST BARGUZIN, RS",53.4166666,109.0166666,461.0,53.4166666,365,-0.4074581430745819,37.91756272401434,10.777625570776257,4.837442922374429,427.6376098901099,6.06061182974984,0.20054945054945056,0.18356164383561643,1.7936477654794523,0.09315068493150686,0.0136986301369863,2,Subarctic continental
17219099999,"ADNAN MENDERES, TU",38.292392,27.156953,125.57,38.292392,365,18.000913242009133,22.530401945724527,11.992998477929984,7.5656012176560115,798.9870054945055,6.684595484404138,0.18956043956043955,0.0027397260273972603,4.145572978630137,0.030136986301369864,0.14246575342465753,0,Maritime temperate
14428099999,"ZADAR PUNTAMIKA, HR",44.1333333,15.2166666,7.0,44.1333333,365,17.551598173515984,18.351446492575523,6.943987823439879,5.531659056316591,1085.3419999999999,6.990571368044962,0.2465753424657534,0.0,3.2801795101369864,0.0027397260273972603,0.0958904109589041,0,Maritime temperate
23933099999,"KHANTY MANSIYSK, RS",61.028479,69.086067,23.16,61.028479,364,1.6423992673992682,36.33614097968937,9.749694749694749,4.8998778998779,482.66013927576597,6.1813824684856575,0.29526462395543174,0.39285714285714285,3.1766916999999997,0.057692307692307696,0.04395604395604396,2,Subarctic continental
32408099999,"UST KAMCHATSK, RS",56.2166666,162.7166666,27.0,56.2166666,364,0.9804639804639802,27.59285714285714,7.254273504273504,3.1221001221001217,840.8822969187675,6.735640214588112,0.31932773109243695,0.25,4.061047168271956,0.06318681318681318,0.0,2,Subarctic continental
25129099999,"KONSTANTINOVSKAYA, RS",68.15,161.1666666,8.36,68.15,365,-10.420852359208522,51.39964157706093,10.995281582952815,5.175799086757991,233.57769444444446,5.457786852604632,0.1527777777777778,0.35342465753424657,1.3918176712328767,0.005479452054794521,0.0027397260273972603,2,Subarctic continental
30385099999,"UST NJUKZHA, RS",56.5833333,121.4833333,426.0,56.5833333,365,-3.9161339421613395,51.439068100358426,13.289041095890411,6.907001522070016,335.026,5.817188537921834,0.1589041095890411,0.2602739726027397,0.9258582564383563,0.10136986301369863,0.019178082191780823,2,Subarctic continental
57816099999,"LONGDONGBAO, CH",26.538522,106.800703,1138.73,26.538522,365,16.53181126331811,19.191756272401435,10.885083713850838,4.714155251141552,941.9024369747899,6.848962817021044,0.30532212885154064,0.0136986301369863,2.9853255791780824,0.11232876712328767,0.09041095890410959,0,Maritime temperate
23578099999,"VERESHCHAGINO, RS",64.2333333,87.5666666,30.0,64.2333333,365,-2.944748858447487,49.111111111111114,9.798782343987824,3.949923896499239,706.5936187845305,6.561869944133789,0.430939226519337,0.4301369863013699,2.30470912,0.0273972602739726,0.057534246575342465,2,Subarctic continental
26275099999,"STARAYA RUSSA, RS",58.0166666,31.3166666,25.0,58.0166666,365,6.649771689497716,23.374551971326163,9.384779299847793,3.8337899543378993,670.3059999999999,6.509225068786485,0.36164383561643837,0.29315068493150687,2.1337445797260277,0.0273972602739726,0.03287671232876712,2,Subarctic continental
29348099999,"PERVOMAJSKOE, RS",57.0666666,86.2166666,114.0,57.0666666,365,2.4398782343987833,35.840501792114694,10.866300366300367,5.938660578386607,455.4219999999999,6.123417820156589,0.27945205479452057,0.3589041095890411,1.7162697501369863,0.057534246575342465,0.06027397260273973,2,Subarctic continental
34146099999,"BORISOGLEBSK, RS",51.3666666,42.0833333,106.0,51.3666666,365,8.642617960426179,29.0,9.878386605783867,5.741552511415526,520.3639275766017,6.256448315325122,0.2841225626740947,0.12054794520547946,2.0028080109589044,0.038356164383561646,0.019178082191780823,2,Subarctic continental
27369099999,"KRASNYE BAKI, RS",57.1333333,45.1666666,110.0,57.1333333,365,5.349162861491629,28.37096774193548,9.043531202435311,5.100456621004566,770.89,6.6488420528259,0.29863013698630136,0.23835616438356164,2.1710946235616437,0.07397260273972603,0.03561643835616438,2,Subarctic continental
22820099999,"PETROZAVODSK, RS",61.8166666,34.2666666,110.0,61.8166666,365,4.394368340943683,25.4910394265233,8.549010654490106,3.7249619482496192,768.3499999999998,6.645546002503387,0.3589041095890411,0.4191780821917808,2.9698217873972608,0.07397260273972603,0.01643835616438356,2,Subarctic continental
22003099999,"VAIDA GUBA BAY, RS",69.9333333,31.9833333,8.0,69.9333333,365,3.1193302891933024,19.14516129032258,5.1697108066971085,3.2097412480974126,504.05129692832764,6.224660002192553,0.378839590443686,0.29041095890410956,6.048874835068493,0.03287671232876712,0.0,3,Polar / tundra
23471099999,"NIZHNEVARTOVSK, RS",60.949272,76.483617,53.94,60.949272,365,0.7082191780821924,37.587813620071685,9.701065449010654,4.289041095890411,409.2116388888889,6.016673218928804,0.2611111111111111,0.3863013698630137,3.525562250958904,0.09315068493150686,0.0547945205479452,2,Subarctic continental
14445099999,"SPLIT MARJAN, HR",43.5166666,16.4333333,128.0,43.5166666,365,18.178234398782344,20.02521761392729,5.9190258751902585,9.018112633181127,963.4219999999999,6.871528958157981,0.23013698630136986,0.0027397260273972603,4.368968523835616,0.0,0.11506849315068493,0,Maritime temperate
88968099999,"BASE ORCADAS, AR",-60.7333333,-44.7333333,8.0,60.7333333,364,-2.390262515262515,11.761768219832735,5.571886446886446,1.4505494505494505,865.5794753086418,6.764553824867294,0.4104938271604938,0.5714285714285714,5.90522353076923,0.2554945054945055,0.008241758241758242,3,Polar / tundra
21931099999,"JUBILEJNAJA, RS",70.7666666,136.2166666,24.0,70.7666666,365,-12.906697108066972,52.92347670250896,10.133028919330288,4.887823439878234,105.91799999999999,4.672062185521505,0.14246575342465753,0.15616438356164383,2.9421968493150685,0.0,0.0,2,Subarctic continental
28825099999,"STERLITAMAK, RS",53.5833333,55.9336111,137.0,53.5833333,365,6.122222222222222,38.14516129032258,11.373972602739727,8.116133942161339,513.4707692307692,6.243138739725767,0.25274725274725274,0.21095890410958903,1.5737758093150684,0.005479452054794521,0.021917808219178082,2,Subarctic continental
27485099999,"JOSHKAR OLA, RS",56.6333333,47.7666666,106.0,56.6333333,365,5.668493150684932,30.86200716845878,8.809132420091323,5.050989345509893,540.766,6.294834173898209,0.29863013698630136,0.2602739726027397,2.5028757676712328,0.019178082191780823,0.038356164383561646,2,Subarctic continental
36091099999,"NIZHNE USINSKOE, RS",52.25,93.0166666,662.14,52.25,365,-1.4423135464231358,43.86917562724014,15.164079147640791,4.634855403348554,361.4161813186813,5.8927932236098854,0.22802197802197802,0.1589041095890411,0.30020978630136985,0.0136986301369863,0.030136986301369864,2,Subarctic continental
22365099999,"ABRAMOVSKIJ MAJAK, RS",66.3833333,43.25,21.0,66.3833333,365,1.361339421613394,25.555555555555557,6.0996955859969555,2.328158295281583,443.31770718232036,6.096539863260516,0.32320441988950277,0.2602739726027397,5.615050552328768,0.038356164383561646,0.0,3,Polar / tundra
22212099999,"MONCHEGORSK, RS",67.9333333,32.9166666,132.0,67.9333333,365,1.2299847792998477,26.98924731182796,7.594520547945206,3.4977168949771693,478.028,6.171759050817304,0.2684931506849315,0.42191780821917807,2.5266952295890412,0.052054794520547946,0.00821917808219178,2,Subarctic continental
32213099999,"MYS LOPATKA, RS",50.8666666,156.6833333,47.0,50.8666666,365,2.2238964992389647,15.75627240143369,2.8219178082191783,1.162952196382429,1246.3493112947658,7.12877602778038,0.465564738292011,0.3178082191780822,9.639975842191781,0.29863013698630136,0.0,3,Polar / tundra
36278099999,"MUGUR AKSY, RS",50.3833333,90.4333333,1850.0,50.3833333,365,-1.592541856925419,35.83512544802867,12.558295281582952,8.11689497716895,226.314,5.426332321570637,0.16164383561643836,0.1178082191780822,2.8438182432876715,0.00821917808219178,0.0,2,Subarctic continental
56079099999,"RUO ERGAI, CH",33.5833333,102.9666666,3441.0,33.5833333,364,3.686965811965813,18.100358422939067,14.546550671550674,8.190323565323565,625.0284065934067,6.43939574801529,0.2554945054945055,0.12912087912087913,4.3399852615384615,0.07417582417582418,0.0,0,Maritime temperate
57957099999,"LIANGJIANG, CH",25.218106,110.039197,173.73,25.218106,365,20.648249619482495,19.594982078853043,10.645966514459666,5.049315068493151,1452.3698595505618,7.281640180077425,0.3342696629213483,0.0,2.076803380821918,0.0410958904109589,0.13972602739726028,0,Maritime temperate
37107099999,"KRASNAYA POLYANA, RS",43.6833333,40.2,569.0,43.6833333,365,12.337595129375952,23.23406298003072,9.854794520547944,3.9896499238964993,2156.714,7.676804606914706,0.3917808219178082,0.07123287671232877,1.635227202191781,0.04657534246575343,0.08767123287671233,0,Maritime temperate
25138099999,"OSTROVNOE, RS",68.1166666,164.1666666,94.0,68.1166666,365,-9.189041095890412,48.913722478238604,9.90289193302892,5.315677321156774,171.95799999999997,5.153048790456789,0.13150684931506848,0.2684931506849315,2.1481208230136986,0.0027397260273972603,0.0,2,Subarctic continental
32509099999,"SEMYACHIK, RS",54.1166666,159.9833333,27.0,54.1166666,365,3.2129375951293757,22.297555043522785,5.208675799086757,5.0019786910197865,1250.4293351800552,7.132041645178635,0.32132963988919666,0.13424657534246576,5.023651367671233,0.049315068493150684,0.0,0,Maritime temperate
36229099999,"UST KOKSA, RS",50.2833333,85.6166666,978.0,50.2833333,365,1.399543378995434,33.75268817204301,12.773820395738204,5.882039573820395,517.3979999999999,6.250743287005931,0.2410958904109589,0.16712328767123288,1.3867437030136989,0.03561643835616438,0.03561643835616438,2,Subarctic continental
36104099999,"SARYG SEP, RS",51.4833333,95.5833333,705.8,51.4833333,365,-1.7273972602739727,46.177419354838705,15.598021308980211,6.10593607305936,428.49800000000005,6.062617084836052,0.20821917808219179,0.21643835616438356,1.4219795934246577,0.21095890410958903,0.0273972602739726,2,Subarctic continental
23405099999,"UST CIL MA, RS",65.4333333,52.2666666,68.0,65.4333333,365,1.1564687975646881,31.329749103942653,7.807914764079147,3.30441400304414,646.1683241758241,6.472606421678531,0.39285714285714285,0.42191780821917807,2.655658588493151,0.0410958904109589,0.0410958904109589,2,Subarctic continental
21432099999,"OSTROV KOTEL NYJ, RS",76.0,137.8666666,8.0,76.0,365,-12.621156773211567,34.07168458781362,5.493607305936073,1.9400304414003047,235.59546703296704,5.466351792582087,0.1978021978021978,0.4328767123287671,5.450428472328768,0.07397260273972603,0.0,3,Polar / tundra
25469099999,"KANCHALAN, RS",65.1833333,176.7666666,18.5,65.1833333,365,-6.764383561643836,39.51529697900666,7.863013698630137,3.410045662100456,360.67999999999995,5.890759842986349,0.1863013698630137,0.24383561643835616,4.487220172054794,0.07671232876712329,0.0,2,Subarctic continental
88963099999,"BASE ESPERANZA, AY",-63.4,-56.9833333,24.0,63.4,365,-3.6205479452054794,14.147072879330942,7.713546423135464,3.577168949771689,627.2188076923077,6.442888525676293,0.31153846153846154,0.5287671232876713,7.479029155068494,0.08493150684931507,0.0,3,Polar / tundra
21946099999,"CHOKURDAH, RS",70.6166666,147.8833333,61.0,70.6166666,365,-11.578995433789956,46.19994879672299,7.165601217656012,3.373059360730593,188.99559228650136,5.2470008733992985,0.14600550964187328,0.3506849315068493,3.461010099726028,0.052054794520547946,0.0027397260273972603,2,Subarctic continental
25703099999,"SEJMCHAN, RS",62.9166666,152.4166666,205.0,62.9166666,365,-9.320700152207005,55.56272401433692,12.4779299847793,5.499238964992389,439.4836873156343,6.087873412489922,0.2182890855457227,0.3315068493150685,1.529801418082192,0.0027397260273972603,0.0136986301369863,2,Subarctic continental
25121099999,"KOLYMSKAYA, RS",68.7333333,158.7166666,12.0,68.7333333,362,-10.937384898710865,48.05184331797235,7.986801718845919,3.7475308641975307,209.2377624309392,5.348239092312189,0.143646408839779,0.32320441988950277,3.5924391922651933,0.03038674033149171,0.0,2,Subarctic continental
25206099999,"CREDNEKOLYMSK, RS",67.45,153.7166666,21.0,67.45,365,-9.645205479452056,53.1252688172043,9.815068493150685,5.138508371385084,234.95,5.463619918172396,0.1726027397260274,0.36164383561643837,1.8852610805479453,0.019178082191780823,0.00821917808219178,2,Subarctic continental
21636099999,"KIGILYAH, RS",73.3358333,139.8666666,24.7,73.3358333,365,-12.76697108066971,36.8787122375832,5.72496194824962,1.2548746518105849,98.89066666666666,4.604076254529863,0.10555555555555556,0.1917808219178082,4.997999639452055,0.0410958904109589,0.0,2,Subarctic continental
21802099999,"SASKYLAH, RS",71.9666666,114.0833333,18.0,71.9666666,365,-11.257838660578384,52.66308243727599,9.195129375951295,3.809132420091325,162.6894490358127,5.097971029250499,0.15426997245179064,0.1780821917808219,3.244802676164383,0.005479452054794521,0.0,2,Subarctic continental
21813099999,"TYUMYATI, RS",71.9166666,123.5666666,26.6,71.9166666,365,-12.322678843226788,52.47311827956989,9.800581573308847,3.5474885844748862,165.18770718232042,5.113117915680584,0.16022099447513813,0.34794520547945207,1.9547462564383562,0.0,0.0,2,Subarctic continental
20667099999,"IM. M.V. POPOVA, RS",73.3333333,70.05,7.0,73.3333333,365,-6.422831050228311,32.272401433691755,6.371841704718417,1.6343987823439878,375.41200000000003,5.9306842881807205,0.2602739726027397,0.4383561643835616,6.2430950630136985,0.24383561643835616,0.0027397260273972603,3,Polar / tundra
20744099999,"MALYE KARMAKULY, RS",72.3666666,52.7,19.0,72.3666666,365,-1.219025875190258,22.885304659498207,4.857077625570777,2.8152207001522065,358.6145054945055,5.885032639644053,0.27197802197802196,0.3863013698630137,7.492559736986302,0.038356164383561646,0.0,3,Polar / tundra
35127099999,"AK BULAK, RS",51.0166666,55.6333333,144.0,51.0166666,365,7.552207001522071,38.48566308243727,11.615220700152207,7.41552511415525,325.628,5.788821908643602,0.2054794520547945,0.12054794520547946,2.6989282619178083,0.0,0.024657534246575342,2,Subarctic continental
57083099999,"XINZHENG, CH",34.519672,113.840889,150.87,34.519672,365,16.564383561643833,27.351254480286737,12.574124809741248,8.712176560121765,910.5261452513967,6.815120277471907,0.18156424581005587,0.030136986301369864,2.3788454334246576,0.021917808219178082,0.03287671232876712,0,Maritime temperate
57516099999,"JIANGBEI, CH",29.719217,106.641678,416.05,29.719217,365,19.395738203957386,21.7168458781362,9.278538812785389,5.005022831050228,1118.6835457063712,7.020801375888345,0.26869806094182824,0.005479452054794521,2.2863864569863015,0.03287671232876712,0.07123287671232877,0,Maritime temperate
56778099999,"WUJIABA, CH",24.992364,102.743536,1894.94,24.992364,365,16.40821917808219,12.863799283154119,12.560121765601215,7.3691019786910195,950.7319607843137,6.858283441349664,0.16246498599439776,0.0,4.076510633424658,0.024657534246575342,0.043835616438356165,0,Maritime temperate
58974099999,"PENGJIA YU, CH",25.6333333,122.0666666,102.0,25.6333333,359,22.400030950170226,12.657706093189963,3.0105230578768185,2.9289693593314765,165.66644886363636,5.115994502935046,0.07670454545454546,0.0,11.128326504735377,0.013927576601671309,0.008356545961002786,3,Polar / tundra
20476099999,"MYS STERLEGOVA, RS",75.4166666,88.9,11.0,75.4166666,365,-11.716590563165905,35.94444444444444,6.528310502283104,1.9668188736681889,199.644,5.3015321934499795,0.18356164383561643,0.3589041095890411,6.118500954520549,0.21643835616438356,0.0,3,Polar / tundra
54161099999,"LONGJIA, CH",43.996419,125.680786,215.18,43.996419,365,7.4869101978691015,36.587813620071685,13.363165905631659,8.511263318112634,538.2403098591549,6.290161315444675,0.15492957746478872,0.10410958904109589,3.2608702421917806,0.019178082191780823,0.0684931506849315,2,Subarctic continental
54662099999,"ZHOUSHUIZI, CH",38.965667,121.5386,32.61,38.965667,365,12.851750380517503,28.836917562724015,10.182648401826485,7.712633181126331,638.9898866855524,6.46145237417504,0.1274787535410765,0.07123287671232877,3.389551713972603,0.0684931506849315,0.030136986301369864,0,Maritime temperate
58321099999,"LUOGANG, CH",31.780019,117.298436,32.91,31.780019,365,17.16392694063927,24.70967741935484,12.403044140030442,5.785083713850836,673.3128491620112,6.513694171115872,0.20391061452513967,0.024657534246575342,2.867778648767123,0.12602739726027398,0.030136986301369864,0,Maritime temperate
53463099999,"BAITA, CH",40.851422,111.824103,1083.86,40.851422,365,7.813698630136987,34.12007168458781,16.33455098934551,11.6648401826484,254.49803921568625,5.543214735311714,0.11204481792717087,0.0821917808219178,2.9764461347945206,0.0027397260273972603,0.07671232876712329,1,Arid / semi-arid
20978099999,"KARAUL, RS",70.0833333,83.1666666,28.74,70.0833333,365,-7.138051750380517,45.63799283154122,7.558904109589041,2.8869101978691023,556.26,6.3230319173719,0.32602739726027397,0.41643835616438357,5.634500763835616,0.043835616438356165,0.0136986301369863,2,Subarctic continental
58457099999,"XIAOSHAN, CH",30.228333,120.431667,7.01,30.228333,365,18.961339421613392,23.82078853046595,10.67047184170472,5.891933028919331,1138.5621348314608,7.038399375353114,0.25280898876404495,0.019178082191780823,2.63395328,0.021917808219178082,0.07945205479452055,0,Maritime temperate
54857099999,"LIUTING, CH",36.266108,120.374436,10.05,36.266108,365,14.521613394216136,26.612903225806452,10.787975646879756,6.821308980213089,475.0732768361582,6.165571785316528,0.10734463276836158,0.021917808219178082,3.743460997260274,0.07397260273972603,0.024657534246575342,0,Maritime temperate
55299099999,"NAGQU, CH",31.4833333,92.0666666,4508.0,31.4833333,365,0.9969558599695579,19.713261648745522,15.017199391171992,11.13531202435312,545.846,6.304167227134386,0.2602739726027397,0.1726027397260274,2.3496701161643836,0.00821917808219178,0.0,2,Subarctic continental
58847099999,"FUZHOU, CH",26.0833333,119.2833333,85.0,26.0833333,365,21.1013698630137,17.88351254480287,9.802739726027397,4.70441400304414,2088.145895316804,7.6445105989057245,0.27823691460055094,0.0,3.6269006717808217,0.03561643835616438,0.1178082191780822,0,Maritime temperate
45032099999,"TA KWU LING, CH",22.5333333,114.15,13.0,22.5333333,364,23.534188034188038,13.791816009557946,6.591980410162229,4.253815628815629,2057.438913649025,7.62970316559307,0.27298050139275765,0.0,1.9465486846153848,0.0,0.0,0,Maritime temperate
56144099999,"DEGE, CH",31.7333333,98.5666666,3201.0,31.7333333,365,8.070319634703198,17.747311827956988,16.713242009132422,11.367884322678842,454.40599999999995,6.121189328773413,0.2356164383561644,0.03287671232876712,1.5123244164383562,0.0,0.0,1,Arid / semi-arid
50548099999,"XIAO ERGOU, CH",49.2,123.7166666,288.0,49.2,365,1.621004566210046,46.6146953405018,17.50593607305936,7.486149162861492,2734.460452961672,7.914055056430514,0.29965156794425085,0.10410958904109589,2.127120232328767,0.06027397260273973,0.0,2,Subarctic continental
50136099999,"MOHE, CH",52.9666666,122.5333333,438.0,52.9666666,365,-2.7759512937595123,50.041218637992834,19.23946886446886,6.780517503805174,883.6948636363635,6.7852427987037105,0.30454545454545456,0.15342465753424658,1.8021043791780824,0.18082191780821918,0.0,2,Subarctic continental
50353099999,"HUMA, CH",51.7333333,126.6333333,175.6,51.7333333,365,-0.3832572298325724,51.704301075268816,16.77138508371385,6.49193302891933,432.91079772079775,6.072838977769615,0.1794871794871795,0.12054794520547946,2.829160112876712,0.08767123287671233,0.0,2,Subarctic continental
51709099999,"KASHI, CH",39.542922,76.019956,1380.43,39.542922,365,14.333637747336377,35.702508960573475,13.791780821917811,17.513242009132423,67.59025139664803,4.228150416712969,0.03910614525139665,0.024657534246575342,3.1668608865753427,0.005479452054794521,0.03561643835616438,1,Arid / semi-arid
58968099999,"TAIBEI, CH",25.0333333,121.5166666,9.0,25.0333333,364,23.98229548229548,13.456989247311824,4.981227106227107,4.666514041514041,108.37047297297296,4.6947409538598,0.05405405405405406,0.0,4.333201384615385,0.0,0.0521978021978022,0,Maritime temperate
50603099999,"XIN BARAG YOUQI, CH",48.6833333,116.8166666,556.7,48.6833333,347,1.9279538904899136,43.80286738351254,14.849823887287863,9.10806916426513,192.36657060518732,5.264587717019717,0.07492795389048991,0.10951008645533142,4.773654857636888,0.0,0.0,1,Arid / semi-arid
52533099999,"JIUQUAN SUZHOU, CH",39.7666667,98.4833333,1478.0,39.7666667,348,9.38505747126437,33.227598566308245,15.788633461047255,15.445561941251594,42.62528735632184,3.775636967465295,0.034482758620689655,0.031609195402298854,2.5460543137931033,0.0028735632183908046,0.0,1,Arid / semi-arid
56187099999,"WENJIANG, CH",30.75,103.8666666,541.0,30.75,365,17.510045662100456,21.03942652329749,10.441400304414003,4.2914764079147645,1228.6241121495327,7.114463801782876,0.3146417445482866,0.0027397260273972603,1.3575683857534246,0.11506849315068493,0.0,0,Maritime temperate
56196099999,"MIANYANG, CH",31.45,104.7333333,522.0,31.45,365,18.627549467275497,21.284946236559136,9.801674277016742,6.734398782343988,640.7972176308538,6.464272393407484,0.19559228650137742,0.0,1.9113356394520549,0.005479452054794521,0.0,0,Maritime temperate
59431099999,"WUXU, CH",22.608267,108.172442,128.32,22.608267,365,22.93439878234399,15.908602150537634,9.53759512937595,4.4251141552511415,1125.5045938375347,7.026874837837828,0.31092436974789917,0.0,2.465807610958904,0.11506849315068493,0.08493150684931507,0,Maritime temperate
59134099999,"GAOQI, CH",24.544036,118.127739,17.98,24.544036,365,22.824048706240486,15.605734767025087,8.615220700152207,5.0870624048706246,1432.9073204419888,7.268158388974709,0.21823204419889503,0.0,3.1958952602739727,0.052054794520547946,0.0821917808219178,0,Maritime temperate
53772099999,"WUSU, CH",37.746897,112.628428,784.86,37.746897,365,12.259512937595131,31.06989247311828,16.307305936073057,12.063318112633182,407.196862745098,6.011749564763402,0.12885154061624648,0.038356164383561646,2.7290901841095887,0.0273972602739726,0.03561643835616438,1,Arid / semi-arid
55228099999,"SHIQUANHE, CH",32.5,80.0833333,4280.0,32.5,365,2.7990867579908674,25.758064516129032,15.754794520547945,18.5337899543379,53.82330555555556,4.004115387406923,0.044444444444444446,0.052054794520547946,2.8397308800000003,0.0,0.0,1,Arid / semi-arid
59673099999,"SHANGCHUAN DAO, CH",21.7333333,112.7666666,18.0,21.7333333,348,23.766762452107276,13.449820788530463,5.709610472541507,3.768997445721583,2340.394683908046,7.75850204956723,0.2672413793103448,0.0,4.4088442114942525,0.0028735632183908046,0.0,0,Maritime temperate
51495099999,"SHISANJIANFANG, CH",43.2166666,91.7333333,732.0,43.2166666,347,13.150336215177715,39.36917562724014,12.642331091898814,20.201889209093817,5.076340057636888,1.8044025505204224,0.008645533141210375,0.011527377521613832,8.187368847262247,0.0,0.0,1,Arid / semi-arid
50658099999,"KESHAN, CH",48.05,125.8833333,237.0,48.05,365,3.1184170471841703,44.96057347670251,12.251293759512938,7.45509893455099,3568.066930091185,8.180059476492014,0.3617021276595745,0.1232876712328767,3.5958930882191775,0.0410958904109589,0.0,2,Subarctic continental
50949099999,"QIAN GORLOS, CH",45.0833333,124.8666666,136.0,45.0833333,347,6.3142811399295535,38.295698924731184,13.12696125520333,7.773455011207172,593.9317867435158,6.388446754844945,0.13544668587896252,0.025936599423631124,2.620402795389049,0.03170028818443804,0.0,2,Subarctic continental
53923099999,"XIFENGZHEN, CH",35.7333333,107.6333333,1423.0,35.7333333,347,10.907300672430354,25.315412186379927,11.33125200128082,10.286583413384566,612.9012680115272,6.419834113933073,0.18155619596541786,0.06051873198847262,2.122266818443804,0.04899135446685879,0.0,0,Maritime temperate
51711099999,"AKQI, CH",40.9333333,78.45,1986.0,40.9333333,365,8.29786910197869,29.84767025089606,15.178082191780822,12.517960426179604,449.0882729805014,6.109443725705973,0.14484679665738162,0.0410958904109589,2.2538284942465756,0.0,0.0,1,Arid / semi-arid
53614099999,"YINCHUAN, CH",38.4833333,106.2166667,1112.0,38.4833333,349,11.173829990448903,31.159498207885303,15.469277300222858,12.25326329194524,93.24128939828078,4.545858401879721,0.07163323782234957,0.02005730659025788,1.4711034727793697,0.008595988538681949,0.0,1,Arid / semi-arid
52436099999,"YUMENZHEN, CH",40.2666666,97.0333333,1527.0,40.2666666,349,8.86755810251512,33.95519713261649,17.493791786055397,16.914836039477873,34.79945558739254,3.577932686234952,0.03151862464183381,0.03724928366762178,3.9430879656160465,0.0,0.0,1,Arid / semi-arid
53705099999,"ZHONGNING, CH",37.4833333,105.6833333,1193.0,37.4833333,347,11.976945244956772,30.56989247311828,15.752641690682037,13.351424911943644,167.25204610951008,5.125463129577251,0.07780979827089338,0.01729106628242075,2.0256047181556194,0.005763688760806916,0.0,1,Arid / semi-arid
51463099999,"WU LU MU QI, CH",43.7833333,87.6166666,919.0,43.7833333,347,8.779538904899134,38.42293906810036,11.729747038104387,11.079410822926674,216.41239193083575,5.381795973664457,0.138328530259366,0.06340057636887608,2.0057385809798274,0.07780979827089338,0.0,1,Arid / semi-arid
53543099999,"DONGSHENG, CH",39.8333333,109.9833333,1459.0,39.8333333,347,8.266890810118477,30.1505376344086,12.419948767211016,13.405699647774574,447.5194524495677,6.105952052798141,0.13256484149855907,0.069164265129683,2.345093715273775,0.03170028818443804,0.0,1,Arid / semi-arid
52908099999,"WUDAOLIANG, CH",35.2166666,93.0833333,4613.0,35.2166666,347,-3.9498879282740953,21.166110493140526,15.070605187319885,9.817323086775536,315.80178674351583,5.758276299897585,0.1930835734870317,0.1988472622478386,4.088569634582133,0.020172910662824207,0.0,2,Subarctic continental
52652099999,"ZHANGYE, CH",39.0833333,100.2833333,1462.0,39.0833333,348,9.335249042145595,34.655913978494624,17.812899106002554,14.940613026819923,93.24281609195401,4.545874601587057,0.05747126436781609,0.040229885057471264,3.091985834482758,0.0,0.0,1,Arid / semi-arid
52681099999,"MINQIN, CH",38.6333333,103.0833333,1367.0,38.6333333,349,10.86230499840815,33.07168458781362,15.799108564151544,17.016873607131487,50.47249283667621,3.941047545300774,0.04297994269340974,0.034383954154727794,2.681005006303725,0.0028653295128939827,0.0,1,Arid / semi-arid
51811099999,"SHACHE, CH",38.4333333,77.2666666,1232.0,38.4333333,348,13.09881864623244,34.36200716845878,15.555715197956577,13.565772669220944,38.096350574712645,3.6660291269501752,0.02586206896551724,0.017241379310344827,1.3495285275862068,0.0028735632183908046,0.0,1,Arid / semi-arid
55664099999,"TINGRI, CH",28.6333333,87.0833333,4300.0,28.6333333,347,4.11831572206212,18.059139784946236,18.371757925072046,17.159141850784504,239.12233429394811,5.481148519700492,0.0893371757925072,0.005763688760806916,2.527002299711816,0.0,0.0,1,Arid / semi-arid
55591099999,"LHASA, CH",29.6666667,91.1333333,3650.0,29.6666667,348,10.053799489144316,16.767804269908055,14.52618135376756,17.260217113665387,391.08701149425286,5.971483783256773,0.15229885057471265,0.040229885057471264,2.05304548045977,0.0,0.0,1,Arid / semi-arid
55773099999,"PAGRI, CH",27.7333333,89.0833333,4300.0,27.7333333,347,1.519212295869356,15.234705228031146,14.035702849823886,6.896733909702211,344.9239481268012,5.846218947795752,0.21613832853025935,0.20461095100864554,3.81192626167147,0.02881844380403458,0.0,2,Subarctic continental
55578099999,"XIGAZE, CH",29.25,88.8833333,3837.0,29.25,347,7.913864873519053,18.79920523609163,17.98699421965318,18.039545308997756,396.4888760806916,5.985166949000145,0.12680115273775217,0.023054755043227664,1.9550354547550433,0.0,0.0,1,Arid / semi-arid
